{
  "accuracy": 0.32448733413751507,
  "roc_auc": 0.5790903075822336,
  "report": {
    "EOSINOPHIL": {
      "precision": 0.4864864864864865,
      "recall": 0.028892455858747994,
      "f1-score": 0.05454545454545454,
      "support": 623.0
    },
    "LYMPHOCYTE": {
      "precision": 0.3403361344537815,
      "recall": 0.3919354838709677,
      "f1-score": 0.36431784107946025,
      "support": 620.0
    },
    "MONOCYTE": {
      "precision": 0.4779735682819383,
      "recall": 0.35,
      "f1-score": 0.40409683426443205,
      "support": 620.0
    },
    "NEUTROPHIL": {
      "precision": 0.25663026521060844,
      "recall": 0.5272435897435898,
      "f1-score": 0.34522560335781743,
      "support": 624.0
    },
    "accuracy": 0.32448733413751507,
    "macro avg": {
      "precision": 0.39035661360820373,
      "recall": 0.32451788236832635,
      "f1-score": 0.2920464333117911,
      "support": 2487.0
    },
    "weighted avg": {
      "precision": 0.3902574918651576,
      "recall": 0.32448733413751507,
      "f1-score": 0.29184547381998777,
      "support": 2487.0
    }
  }
}